API_id,cosolvent_id,surfactant_id,oil_id1,API_prop,cosolvent_prop,surfactant_prop,oil_prop1,size,PDI,API_logp,API_sol,API_polar,o_LC,o_sat,s_HLB,c_viscosity
CCCCCC1=CC(=C(C(=C1)O)[C@@H]2C=C(CC[C@H]2C(=C)C)C)O,,CCCCCCCC/C=C/CCCCCCCC(OCCOCC(OCCO)C1C(OCCO)CC(OCCO)O1)=O,CCCCCCCCCCCC(=O)OC(COC(=O)CCCCCCC)COC(=O)CCCCCCCCC,0.191,0.000,0.254,0.429,0.598225313757118,0.231,6.33,0.0126,40.46,0,1,11.5,0
CCCCCC1=CC(=C(C(=C1)O)[C@@H]2C=C(CC[C@H]2C(=C)C)C)O,,CCCCCCCC/C=C/CCCCCCCC(OCCOCC(OCCO)C1C(OCCO)CC(OCCO)O1)=O,CCCCCCCCCCCC(=O)OC(COC(=O)CCCCCCC)COC(=O)CCCCCCCCC,0.182,0.000,0.242,0.455,0.593391253896452,0.268,6.33,0.0126,40.46,0,1,11.5,0
CCCCCC1=CC(=C(C(=C1)O)[C@@H]2C=C(CC[C@H]2C(=C)C)C)O,,CCCCCCCC/C=C/CCCCCCCC(OCCOCC(OCCO)C1C(OCCO)CC(OCCO)O1)=O,CCCCCCCCCCCC(=O)OC(COC(=O)CCCCCCC)COC(=O)CCCCCCCCC,0.174,0.000,0.232,0.478,0.435248438454664,0.232,6.33,0.0126,40.46,0,1,11.5,0
CCCCCC1=CC(=C(C(=C1)O)[C@@H]2C=C(CC[C@H]2C(=C)C)C)O,,CCCCCCCC/C=C/CCCCCCCC(OCCOCC(OCCO)C1C(OCCO)CC(OCCO)O1)=O,CCCCCCCCCCCC(=O)OC(COC(=O)CCCCCCC)COC(=O)CCCCCCCCC,0.182,0.000,0.273,0.409,0.515355716145701,0.204,6.33,0.0126,40.46,0,1,11.5,0
CCCCCC1=CC(=C(C(=C1)O)[C@@H]2C=C(CC[C@H]2C(=C)C)C)O,,CCCCCCCC/C=C/CCCCCCCC(OCCOCC(OCCO)C1C(OCCO)CC(OCCO)O1)=O,CCCCCCCCCCCC(=O)OC(COC(=O)CCCCCCC)COC(=O)CCCCCCCCC,0.174,0.000,0.261,0.435,0.647256492343873,0.277,6.33,0.0126,40.46,0,1,11.5,0
CCCCCC1=CC(=C(C(=C1)O)[C@@H]2C=C(CC[C@H]2C(=C)C)C)O,,CCCCCCCC/C=C/CCCCCCCC(OCCOCC(OCCO)C1C(OCCO)CC(OCCO)O1)=O,CCCCCCCCCCCC(=O)OC(COC(=O)CCCCCCC)COC(=O)CCCCCCCCC,0.167,0.000,0.250,0.458,0.58372313417512,0.304,6.33,0.0126,40.46,0,1,11.5,0
CCCCCC1=CC(=C(C(=C1)O)[C@@H]2C=C(CC[C@H]2C(=C)C)C)O,,CCCCCCCC/C=C/CCCCCCCC(OCCOCC(OCCO)C1C(OCCO)CC(OCCO)O1)=O,CCCCCCCCCCCC(=O)OC(COC(=O)CCCCCCC)COC(=O)CCCCCCCCC,0.174,0.000,0.290,0.391,1.01947910161516,0.189,6.33,0.0126,40.46,0,1,11.5,0
CCCCCC1=CC(=C(C(=C1)O)[C@@H]2C=C(CC[C@H]2C(=C)C)C)O,,CCCCCCCC/C=C/CCCCCCCC(OCCOCC(OCCO)C1C(OCCO)CC(OCCO)O1)=O,CCCCCCCCCCCC(=O)OC(COC(=O)CCCCCCC)COC(=O)CCCCCCCCC,0.167,0.000,0.278,0.417,0.493947736762751,0.236,6.33,0.0126,40.46,0,1,11.5,0
CCCCCC1=CC(=C(C(=C1)O)[C@@H]2C=C(CC[C@H]2C(=C)C)C)O,,CCCCCCCC/C=C/CCCCCCCC(OCCOCC(OCCO)C1C(OCCO)CC(OCCO)O1)=O,CCCCCCCCCCCC(=O)OC(COC(=O)CCCCCCC)COC(=O)CCCCCCCCC,0.160,0.000,0.267,0.440,0.357903480684008,0.237,6.33,0.0126,40.46,0,1,11.5,0
CCCCCC1=CC(=C(C(=C1)O)[C@@H]2C=C(CC[C@H]2C(=C)C)C)O,OCCOCCO,CCCCCCC(C/C=C\CCCCCCCC(OCC(COC(CCCCCCC/C=C\CC(CCCCCC)O)=O)OC(CCCCCCC/C=C\CC(CCCCCC)O)=O)=O)O,CCCCC/C=C\C/C=C\CCCCCCCC(=O)OCC(CO)O,0.136,0.080,0.300,0.484,0.275724463052686,0.237,6.33,0.0126,40.46,1,0,15,90
CCCCCC1=CC(=C(C(=C1)O)[C@@H]2C=C(CC[C@H]2C(=C)C)C)O,OCCOCCO,CCCCCCC(C/C=C\CCCCCCCC(OCC(COC(CCCCCCC/C=C\CC(CCCCCC)O)=O)OC(CCCCCCC/C=C\CC(CCCCCC)O)=O)=O)O,CCCCC/C=C\C/C=C\CCCCCCCC(=O)OCC(CO)O,0.054,0.080,0.300,0.566,0.593391253896452,0.258,6.33,0.0126,40.46,1,0,15,90
CCCCCC1=CC(=C(C(=C1)O)[C@@H]2C=C(CC[C@H]2C(=C)C)C)O,C(C(CO)O)O,CCCCCCCC/C=C\CCCCCCCCO,CCCCCCCCCC(=O)OCC(CO)O.CCCCCCCC(=O)OCC(CO)O,0.100,0.270,0.450,0.180,-0.463196115649118,0.22,6.33,0.0126,40.46,0,1,12.4,56
CCCCCC1=CC(=C(C(=C1)O)[C@@H]2C=C(CC[C@H]2C(=C)C)C)O,C(C(CO)O)O,CCCCCCCC/C=C\CCCCCCCCO,CCCCCCCCCC(=O)OCC(CO)O.CCCCCCCC(=O)OCC(CO)O,0.100,0.315,0.405,0.180,-0.249116321819624,0.43,6.33,0.0126,40.46,0,1,12.4,56
CCCCCC1=CC(=C(C(=C1)O)[C@@H]2C=C(CC[C@H]2C(=C)C)C)O,C(C(CO)O)O,CCCCCCCC/C=C\CCCCCCCCO,CCCCCCCCCC(=O)OCC(CO)O.CCCCCCCC(=O)OCC(CO)O,0.100,0.270,0.450,0.180,0.579579654294549,0.26,6.33,0.0126,40.46,0,1,12.4,56
CCCCCC1=CC(=C(C(=C1)O)[C@@H]2C=C(CC[C@H]2C(=C)C)C)O,C(C(CO)O)O,CCCCCCCC/C=C\CCCCCCCCO,CCCCCCCCCC(=O)OCC(CO)O.CCCCCCCC(=O)OCC(CO)O,0.100,0.180,0.540,0.180,3.90817515835314,0.57,6.33,0.0126,40.46,0,1,12.4,56
CCCCCC1=CC(=C(C(=C1)O)[C@@H]2C=C(CC[C@H]2C(=C)C)C)O,CCO,CCCCCCCCCCCC(OCCOCC(C1OCC(OCCO)C1OCCO)OCCO)=O,CCCCCCCC/C=C\CCCCCCCC(=O)O,0.100,0.200,0.180,0.110,-0.573688912464341,0.3,6.33,0.0126,40.46,1,0,11.6,1.1
CCCCCC1=CC(=C(C(=C1)O)[C@@H]2C=C(CC[C@H]2C(=C)C)C)O,CCO,CCCCCCCCCCCC(OCCOCC(C1OCC(OCCO)C1OCCO)OCCO)=O,CCCCCCCCCC(=O)OCC(CO)O.CCCCCCCC(=O)OCC(CO)O,0.100,0.200,0.180,0.110,-0.525348313857681,0.2,6.33,0.0126,40.46,0,1,11.6,1.1
CCCCCC1=CC(=C(C(=C1)O)[C@@H]2C=C(CC[C@H]2C(=C)C)C)O,CCOC(=O)C(C)O,CCCCCCCCCCCC(OCCOCC(C1OCC(OCCO)C1OCCO)OCCO)=O,CCCCCCCCCC(=O)OCC(COC(=O)CCCCCCCCC)OC(=O)CCCCCCCCC,0.020,0.251,0.114,0.114,-0.594406311867196,0.1,6.33,0.0126,40.46,0,1,11.3,0.3
CCCCCC1=CC(=C(C(=C1)O)[C@@H]2C=C(CC[C@H]2C(=C)C)C)O,CCO,CCCCCCCCCCCC(OCCOCC(C1OCC(OCCO)C1OCCO)OCCO)=O,CCCCCCCC/C=C\CCCCCCCC(=O)O,0.100,0.200,0.180,0.110,-0.477007715251021,0.3,6.33,0.0126,40.46,1,0,11.6,1.1
CCCCCC1=CC(=C(C(=C1)O)[C@@H]2C=C(CC[C@H]2C(=C)C)C)O,CCO,CCCCCCCCCCCC(OCCOCC(C1OCC(OCCO)C1OCCO)OCCO)=O,CCCCCCCC/C=C\CCCCCCCC(=O)O,0.075,0.207,0.180,0.108,-0.401043917440555,,6.33,0.0126,40.46,1,0,11.5,1.1
CCCCCC1=CC(=C(C(=C1)O)[C@@H]2C=C(CC[C@H]2C(=C)C)C)O,CCO,CCCCCCCCCCCC(OCCOCC(C1OCC(OCCO)C1OCCO)OCCO)=O,CC1=C(C2=C(CC[C@@](O2)(C)CCC[C@H](C)CCC[C@H](C)CCCC(C)C)C(=C1O)C)C,0.030,0.037,0.680,0.016,-0.502559174514541,,6.33,0.0126,40.46,0,0,16,1
CCCCCC1=CC(=C(C(=C1)O)[C@@H]2C=C(CC[C@H]2C(=C)C)C)O,CCOC(=O)C(C)O,CCCCCCCCCCCC(OCCOCC(C1OCC(OCCO)C1OCCO)OCCO)=O,CCCCCCCCCC(=O)OCC(COC(=O)CCCCCCCCC)OC(=O)CCCCCCCCC,0.011,0.346,0.137,0.137,-0.539159913459584,0.2,6.33,0.0126,40.46,0,1,10.6,0
CCCCCC1=CC(=C(C(=C1)O)[C@@H]2C=C(CC[C@H]2C(=C)C)C)O,CCOC(=O)C(C)O,CCCCCCCCCCCC(OCCOCC(C1OCC(OCCO)C1OCCO)OCCO)=O,CCCCCCCCCC(=O)OCC(COC(=O)CCCCCCCCC)OC(=O)CCCCCCCCC,0.030,0.360,0.125,0.125,-0.539159913459584,0.23,6.33,0.0126,40.46,0,1,10.3,0
COC1=CC=CC=C1OCCNC[C@@H](COC2=CC=CC3=C2C4=CC=CC=C4N3)O,CCOCCOCCO,CCCCCCCC/C=C/CCCCCCCC(OCCOCC(OCCO)C1C(OCCO)CC(OCCO)O1)=O,CCCCCCCC/C=C\CCCCCCCC(=O)O.C(C(CO)O)O,0.039,0.283,0.377,0.283,0.220478064645074,0.03,3.42,0.0044,75.74,1,0,15,4.8
COC1=CC=CC=C1OCCNC[C@@H](COC2=CC=CC3=C2C4=CC=CC=C4N3)O,CCOCCOCCO,CCCCCCCC/C=C/CCCCCCCC(OCCOCC(OCCO)C1C(OCCO)CC(OCCO)O1)=O,CCCCCCCC/C=C\CCCCCCCC(=O)O.C(C(CO)O)O,0.039,0.283,0.471,0.188,-0.163484404287826,0.06,3.42,0.0044,75.74,1,0,15,4.8
COC1=CC=CC=C1OCCNC[C@@H](COC2=CC=CC3=C2C4=CC=CC=C4N3)O,CCOCCOCCO,CCCCCCCC/C=C/CCCCCCCC(OCCOCC(OCCO)C1C(OCCO)CC(OCCO)O1)=O,CCCCCCCC/C=C\CCCCCCCC(=O)O.C(C(CO)O)O,0.039,0.283,0.565,0.094,-0.219421382675532,0.05,3.42,0.0044,75.74,1,0,15,4.8
COC1=CC=CC=C1OCCNC[C@@H](COC2=CC=CC3=C2C4=CC=CC=C4N3)O,C(C(CO)O)O,CC1=C(C(=C(C2=C1OC(CC2)(C)CCCC(C)CCCC(C)CCCC(C)C)C)OC(=O)CCC(=O)OCCO)C,CCCCCCCCCC(=O)O,0.050,0.143,0.570,0.238,-0.166246724208206,0.44,3.42,0.0044,75.74,0,1,13,56
COC1=CC=CC=C1OCCNC[C@@H](COC2=CC=CC3=C2C4=CC=CC=C4N3)O,CCOCCOCCO,CCCCCCC(C/C=C\CCCCCCCC(OCC(COC(CCCCCCC/C=C\CC(CCCCCC)O)=O)OC(CCCCCCC/C=C\CC(CCCCCC)O)=O)=O)O,CCCCCCCCCC(=O)OCC(CO)O.CCCCCCCC(=O)OCC(CO)O,0.125,0.263,0.525,0.088,-0.622720091051097,,3.42,0.0044,75.74,0,1,15,4.8
COC1=CC=CC=C1OCCNC[C@@H](COC2=CC=CC3=C2C4=CC=CC=C4N3)O,,CCCCCCCC/C=C/CCCCCCCC(OCCOCC(OCCO)C1C(OCCO)CC(OCCO)O1)=O,CCCCCCCC/C=C\CCCCCCCC(=O)OCC(CO)O,0.100,0.000,0.450,0.225,0.960779803307069,,3.42,0.0044,75.74,1,0,14.7,0
COC1=CC=CC=C1OCCNC[C@@H](COC2=CC=CC3=C2C4=CC=CC=C4N3)O,CCOCCOCCO,CCCCCCCCCCCC(OCCOCC(C1OCC(OCCO)C1OCCO)OCCO)=O,CCCCCCCC(=O)OCC(C)O,0.006,0.294,0.589,0.110,1.89168161647532,0.4,3.42,0.0044,75.74,0,1,16,4.8
COC1=CC=CC=C1OCCNC[C@@H](COC2=CC=CC3=C2C4=CC=CC=C4N3)O,CCOCCOCCO,CCCCCCCCCCCC(OCCOCC(C1OCC(OCCO)C1OCCO)OCCO)=O,CCCCCCCC(=O)OCC(C)O,0.006,0.248,0.497,0.248,2.43723980075049,0.38,3.42,0.0044,75.74,0,1,16,4.8
COC1=CC=CC=C1OCCNC[C@@H](COC2=CC=CC3=C2C4=CC=CC=C4N3)O,CCOCCOCCO,CCCCCCCCCCCC(OCCOCC(C1OCC(OCCO)C1OCCO)OCCO)=O,CCCCCCCC(=O)OCC(C)O,0.006,0.258,0.515,0.221,2.2645948057267,0.37,3.42,0.0044,75.74,0,1,16,4.8
COC1=CC=CC=C1OCCNC[C@@H](COC2=CC=CC3=C2C4=CC=CC=C4N3)O,CCOCCOCCO,CCCCCCCCCCCC(OCCOCC(C1OCC(OCCO)C1OCCO)OCCO)=O,CCCCCCCC(=O)OCC(C)O,0.006,0.237,0.473,0.284,2.34055860353717,0.37,3.42,0.0044,75.74,0,1,16,4.8
COC1=CC=CC=C1OCCNC[C@@H](COC2=CC=CC3=C2C4=CC=CC=C4N3)O,,CCCCCCC(C/C=C\CCCCCCCC(OCC(COC(CCCCCCC/C=C\CC(CCCCCC)O)=O)OC(CCCCCCC/C=C\CC(CCCCCC)O)=O)=O)O,CCCCCCCCCC(=O)OCC(CO)O.CCCCCCCC(=O)OCC(CO)O,0.025,0.000,0.451,0.525,-0.464577275609309,,3.42,0.0044,75.74,0,1,13.5,0
COC1=CC=CC=C1OCCNC[C@@H](COC2=CC=CC3=C2C4=CC=CC=C4N3)O,CCOCCOCCO,CCCCCCC(CCCCCCCCCCC(=O)OCCO)O,CCCCCCC(C/C=C\CCCCCCCC(OCC(COC(CCCCCCC/C=C\CC(CCCCCC)O)=O)OC(CCCCCCC/C=C\CC(CCCCCC)O)=O)=O)O,0.100,0.180,0.540,0.180,0.894484125217935,0.404,3.42,0.0044,75.74,1,0,15,4.8
COC1=CC=CC=C1OCCNC[C@@H](COC2=CC=CC3=C2C4=CC=CC=C4N3)O,CCO,CCCCCCCC/C=C/CCCCCCCC(OCCOCC(OCCO)C1C(OCCO)CC(OCCO)O1)=O,CCCCCCCC/C=C\CCCCCCCC(=O)O,0.010,0.297,0.396,0.297,1.76047142025725,0.5,3.42,0.0044,75.74,1,0,15,1.1
COC1=CC=CC=C1OCCNC[C@@H](COC2=CC=CC3=C2C4=CC=CC=C4N3)O,CCO,CCCCCCCC/C=C/CCCCCCCC(OCCOCC(OCCO)C1C(OCCO)CC(OCCO)O1)=O,CCCCCCCC/C=C\CCCCCCCC(=O)OCC(CO)O,0.010,0.297,0.396,0.297,0.859264546233083,0.496,3.42,0.0044,75.74,1,0,15,1.1
COC1=CC=CC=C1OCCNC[C@@H](COC2=CC=CC3=C2C4=CC=CC=C4N3)O,CCO,CCCCCCCC/C=C/CCCCCCCC(OCCOCC(OCCO)C1C(OCCO)CC(OCCO)O1)=O,CCCCCCCC/C=C\CCCCCCCC(=O)O.C(C(CO)O)O,0.010,0.297,0.396,0.297,0.133464987153086,0.259,3.42,0.0044,75.74,1,0,15,1.1
COC1=CC=CC=C1OCCNC[C@@H](COC2=CC=CC3=C2C4=CC=CC=C4N3)O,CCO,CCCCCCCC/C=C/CCCCCCCC(OCCOCC(OCCO)C1C(OCCO)CC(OCCO)O1)=O,,0.010,0.297,0.396,0.000,0.91796384454117,0.584,3.42,0.0044,75.74,0,0,10.3,1.1
COC1=CC=CC=C1OCCNC[C@@H](COC2=CC=CC3=C2C4=CC=CC=C4N3)O,CCO,CCCCCCCC/C=C/CCCCCCCC(OCCOCC(OCCO)C1C(OCCO)CC(OCCO)O1)=O,CC1=C(C2=C(CC[C@@](O2)(C)CCC[C@H](C)CCC[C@H](C)CCCC(C)C)C(=C1O)C)C,0.010,0.297,0.396,0.297,0.536073115548555,0.337,3.42,0.0044,75.74,0,0,15,1.1
COC1=CC=CC=C1OCCNC[C@@H](COC2=CC=CC3=C2C4=CC=CC=C4N3)O,CCOCCOCCO,CCCCCCC(C/C=C\CCCCCCCC(OCC(COC(CCCCCCC/C=C\CC(CCCCCC)O)=O)OC(CCCCCCC/C=C\CC(CCCCCC)O)=O)=O)O,CCCCCCCC(=O)OCC(C)O,0.112,0.199,0.396,0.293,-0.509188742323455,,3.42,0.0044,75.74,0,1,13,4.8
C[C@]12CC[C@H]3[C@H]([C@@H]1CC[C@]2(C#C)O)CCC4=CC5=C(C[C@]34C)C=NO5,CCOCCOCCO,CCCCCCC(C/C=C\CCCCCCCC(OCC(COC(CCCCCCC/C=C\CC(CCCCCC)O)=O)OC(CCCCCCC/C=C\CC(CCCCCC)O)=O)=O)O,CCCCCCCCCC(=O)OCC(CO)O.CCCCCCCC(=O)OCC(CO)O,0.022,0.245,0.489,0.245,-0.66346430987671,0.138,3.46,0.0176,46.26,0,1,13,4.8
C[C@]12CC[C@H]3[C@H]([C@@H]1CC[C@]2(C#C)O)CCC4=CC5=C(C[C@]34C)C=NO5,CCOCCOCCO,CCCCCCC(C/C=C\CCCCCCCC(OCC(COC(CCCCCCC/C=C\CC(CCCCCC)O)=O)OC(CCCCCCC/C=C\CC(CCCCCC)O)=O)=O)O,,0.052,0.474,0.474,0.000,-0.677966489458708,0.111,3.46,0.0176,46.26,0,0,13,4.8
CC(C)OC(=O)C(C)(C)OC1=CC=C(C=C1)C(=O)C2=CC=C(C=C2)Cl,,CCCCCCC(C/C=C\CCCCCCCC(OCC(COC(CCCCCCC/C=C\CC(CCCCCC)O)=O)OC(CCCCCCC/C=C\CC(CCCCCC)O)=O)=O)O,CCCCCCCCCC(=O)OCC(CO)O.CCCCCCCC(=O)OCC(CO)O,0.080,0.000,0.184,0.368,-0.247044581879338,0.18,5.28,0.00071,52.6,0,1,12.3,0
CC(C)OC(=O)C(C)(C)OC1=CC=C(C=C1)C(=O)C2=CC=C(C=C2)Cl,,CCCCCCC(C/C=C\CCCCCCCC(OCC(COC(CCCCCCC/C=C\CC(CCCCCC)O)=O)OC(CCCCCCC/C=C\CC(CCCCCC)O)=O)=O)O,,0.080,0.000,0.307,0.000,0.354450580783532,0.27,5.28,0.00071,52.6,0,0,12.3,0
CC1=C2[C@H](C(=O)[C@@]3([C@H](C[C@@H]4[C@]([C@H]3[C@@H]([C@@](C2(C)C)(C[C@@H]1OC(=O)[C@@H]([C@H](C5=CC=CC=C5)NC(=O)OC(C)(C)C)O)O)OC(=O)C6=CC=CC=C6)(CO4)OC(=O)C)O)C)O,CCOCCOCCO,CCCCCCC(C/C=C\CCCCCCCC(OCC(COC(CCCCCCC/C=C\CC(CCCCCC)O)=O)OC(CCCCCCC/C=C\CC(CCCCCC)O)=O)=O)O,CCCCCCCC(=O)OCC(C)O,0.010,0.137,0.420,0.420,-0.53833121748347,0.051,2.92,0.0127,224.45,0,1,13,4.8
CC1=C2[C@H](C(=O)[C@@]3([C@H](C[C@@H]4[C@]([C@H]3[C@@H]([C@@](C2(C)C)(C[C@@H]1OC(=O)[C@@H]([C@H](C5=CC=CC=C5)NC(=O)OC(C)(C)C)O)O)OC(=O)C6=CC=CC=C6)(CO4)OC(=O)C)O)C)O,CCOCCOCCO,CCCCCCC(C/C=C\CCCCCCCC(OCC(COC(CCCCCCC/C=C\CC(CCCCCC)O)=O)OC(CCCCCCC/C=C\CC(CCCCCC)O)=O)=O)O,CCCCCCCC(=O)OCC(C)O,0.010,0.139,0.426,0.426,-0.539159913459584,,2.92,0.0127,224.45,0,1,13,4.8
CC1=C2[C@H](C(=O)[C@@]3([C@H](C[C@@H]4[C@]([C@H]3[C@@H]([C@@](C2(C)C)(C[C@@H]1OC(=O)[C@@H]([C@H](C5=CC=CC=C5)NC(=O)OC(C)(C)C)O)O)OC(=O)C6=CC=CC=C6)(CO4)OC(=O)C)O)C)O,CCOCCOCCO,CCCCCCCCCCCC(OCC(O)CO)=O,CCCCCCCC(=O)OCC(C)O,0.039,0.284,0.283,0.315,0.409006399211049,0.11,2.92,0.0127,224.45,0,1,13.8,4.8
CC1=C2[C@H](C(=O)[C@@]3([C@H](C[C@@H]4[C@]([C@H]3[C@@H]([C@@](C2(C)C)(C[C@@H]1OC(=O)[C@@H]([C@H](C5=CC=CC=C5)NC(=O)OC(C)(C)C)O)O)OC(=O)C6=CC=CC=C6)(CO4)OC(=O)C)O)C)O,CCOCCOCCO,CCCCCCCCCCCC(OCC(O)CO)=O,CCCCCCCC(=O)OCC(C)O,0.038,0.288,0.167,0.339,0.484279617041419,0.24,2.92,0.0127,224.45,0,1,13.5,4.8
CC1=C2[C@H](C(=O)[C@@]3([C@H](C[C@@H]4[C@]([C@H]3[C@@H]([C@@](C2(C)C)(C[C@@H]1OC(=O)[C@@H]([C@H](C5=CC=CC=C5)NC(=O)OC(C)(C)C)O)O)OC(=O)C6=CC=CC=C6)(CO4)OC(=O)C)O)C)O,CCOCCOCCO,CCCCCCCCCCCC(OCC(O)CO)=O,CCCCCCCC(=O)OCC(C)O,0.036,0.288,0.224,0.322,0.376549140146577,0.35,2.92,0.0127,224.45,0,1,13.6,4.8
CC1=C2[C@H](C(=O)[C@@]3([C@H](C[C@@H]4[C@]([C@H]3[C@@H]([C@@](C2(C)C)(C[C@@H]1OC(=O)[C@@H]([C@H](C5=CC=CC=C5)NC(=O)OC(C)(C)C)O)O)OC(=O)C6=CC=CC=C6)(CO4)OC(=O)C)O)C)O,CCOCCOCCO,CCCCCCC(CCCCCCCCCC(=O)[O-])C(=O)OCC(CO)O,CCCCCCCC(=O)OCC(C)O,0.033,0.145,0.725,0.097,1.15276103777352,,2.92,0.0127,224.45,0,1,14,4.8
CC1=C2[C@H](C(=O)[C@@]3([C@H](C[C@@H]4[C@]([C@H]3[C@@H]([C@@](C2(C)C)(C[C@@H]1OC(=O)[C@@H]([C@H](C5=CC=CC=C5)NC(=O)OC(C)(C)C)O)O)OC(=O)C6=CC=CC=C6)(CO4)OC(=O)C)O)C)O,CCOCCOCCO,CCCCCCC(C/C=C\CCCCCCCC(OCC(COC(CCCCCCC/C=C\CC(CCCCCC)O)=O)OC(CCCCCCC/C=C\CC(CCCCCC)O)=O)=O)O,CCCCCCCC(=O)OCC(C)O,0.033,0.193,0.339,0.435,-0.47010191545007,,2.92,0.0127,224.45,0,1,13,4.8
CC1=C2[C@H](C(=O)[C@@]3([C@H](C[C@@H]4[C@]([C@H]3[C@@H]([C@@](C2(C)C)(C[C@@H]1OC(=O)[C@@H]([C@H](C5=CC=CC=C5)NC(=O)OC(C)(C)C)O)O)OC(=O)C6=CC=CC=C6)(CO4)OC(=O)C)O)C)O,OCCOCCO,CCCCCCCC/C=C/CCCCCCCC(OCCOCC(OCCO)C1C(OCCO)CC(OCCO)O1)=O,CCCCCCCC/C=C\CCCCCCCC(=O)OCC,0.527,0.260,0.142,0.071,-0.184892383670775,,2.92,0.0127,224.45,1,0,15,0
CC1=C2[C@H](C(=O)[C@@]3([C@H](C[C@@H]4[C@]([C@H]3[C@@H]([C@@](C2(C)C)(C[C@@H]1OC(=O)[C@@H]([C@H](C5=CC=CC=C5)NC(=O)OC(C)(C)C)O)O)OC(=O)C6=CC=CC=C6)(CO4)OC(=O)C)O)C)O,CCOCCOCCO,CC1=C(C(=C(C2=C1OC(CC2)(C)CCCC(C)CCCC(C)CCCC(C)C)C)OC(=O)CCC(=O)OCCO)C,,0.084,0.357,0.357,0.000,-0.652415030195188,0.22,2.92,0.0127,224.45,0,0,13,4.8
CC1=C2[C@H](C(=O)[C@@]3([C@H](C[C@@H]4[C@]([C@H]3[C@@H]([C@@](C2(C)C)(C[C@@H]1OC(=O)[C@@H]([C@H](C5=CC=CC=C5)NC(=O)C6=CC=CC=C6)O)O)OC(=O)C7=CC=CC=C7)(CO4)OC(=O)C)O)C)OC(=O)C,CCOCCOCCO,CC1=C(C(=C(C2=C1OC(CC2)(C)CCCC(C)CCCC(C)CCCC(C)C)C)OC(=O)CCC(=O)OCCO)C,,0.014,0.469,0.469,0.000,-0.635150530692809,0.37,3.54,0.00557,221.29,0,0,13,4.8
CC1=C2[C@H](C(=O)[C@@]3([C@H](C[C@@H]4[C@]([C@H]3[C@@H]([C@@](C2(C)C)(C[C@@H]1OC(=O)[C@@H]([C@H](C5=CC=CC=C5)NC(=O)OC(C)(C)C)O)O)OC(=O)C6=CC=CC=C6)(CO4)OC(=O)C)O)C)O,CCOCCOCCO,CCCCCCCC/C=C/CCCCCCCC(OCCOCC(OCCO)C1C(OCCO)CC(OCCO)O1)=O,CCCCC/C=C\C/C=C\CCCCCCCC(=O)OCC(CO)O,0.020,0.223,0.426,0.332,-0.0557539273929833,,2.92,0.0127,224.45,1,0,15,4.8
CC1=C2[C@H](C(=O)[C@@]3([C@H](C[C@@H]4[C@]([C@H]3[C@@H]([C@@](C2(C)C)(C[C@@H]1OC(=O)[C@@H]([C@H](C5=CC=CC=C5)NC(=O)C6=CC=CC=C6)O)O)OC(=O)C7=CC=CC=C7)(CO4)OC(=O)C)O)C)OC(=O)C,CCO,CC1=C(C(=C(C2=C1OC(CC2)(C)CCCC(C)CCCC(C)CCCC(C)C)C)OC(=O)CCC(=O)OCCO)C,CC1=C(C2=C(CC[C@@](O2)(C)CCC[C@H](C)CCC[C@H](C)CCCC(C)C)C(=C1O)C)C,0.030,0.300,0.232,0.050,-0.677275909478613,,3.54,0.00557,221.29,0,0,13.5,1.1
CC1=C2[C@H](C(=O)[C@@]3([C@H](C[C@@H]4[C@]([C@H]3[C@@H]([C@@](C2(C)C)(C[C@@H]1OC(=O)[C@@H]([C@H](C5=CC=CC=C5)NC(=O)C6=CC=CC=C6)O)O)OC(=O)C7=CC=CC=C7)(CO4)OC(=O)C)O)C)OC(=O)C,CCO,CC1=C(C(=C(C2=C1OC(CC2)(C)CCCC(C)CCCC(C)CCCC(C)C)C)OC(=O)CCC(=O)OCCO)C,CC1=C(C2=C(CC[C@@](O2)(C)CCC[C@H](C)CCC[C@H](C)CCCC(C)C)C(=C1O)C)C,0.030,0.300,0.186,0.050,-0.677275909478613,,3.54,0.00557,221.29,0,0,14,1.1
CC1=C2[C@H](C(=O)[C@@]3([C@H](C[C@@H]4[C@]([C@H]3[C@@H]([C@@](C2(C)C)(C[C@@H]1OC(=O)[C@@H]([C@H](C5=CC=CC=C5)NC(=O)C6=CC=CC=C6)O)O)OC(=O)C7=CC=CC=C7)(CO4)OC(=O)C)O)C)OC(=O)C,CCO,CC1=C(C(=C(C2=C1OC(CC2)(C)CCCC(C)CCCC(C)CCCC(C)C)C)OC(=O)CCC(=O)OCCO)C,CC1=C(C2=C(CC[C@@](O2)(C)CCC[C@H](C)CCC[C@H](C)CCCC(C)C)C(=C1O)C)C,0.030,0.300,0.155,0.050,0.116891067630803,,3.54,0.00557,221.29,0,0,14.5,1.1
CC1=C2[C@H](C(=O)[C@@]3([C@H](C[C@@H]4[C@]([C@H]3[C@@H]([C@@](C2(C)C)(C[C@@H]1OC(=O)[C@@H]([C@H](C5=CC=CC=C5)NC(=O)C6=CC=CC=C6)O)O)OC(=O)C7=CC=CC=C7)(CO4)OC(=O)C)O)C)OC(=O)C,CCO,CC1=C(C(=C(C2=C1OC(CC2)(C)CCCC(C)CCCC(C)CCCC(C)C)C)OC(=O)CCC(=O)OCCO)C,CC1=C(C2=C(CC[C@@](O2)(C)CCC[C@H](C)CCC[C@H](C)CCCC(C)C)C(=C1O)C)C,0.030,0.300,0.124,0.050,0.116891067630803,,3.54,0.00557,221.29,0,0,14.2,1.1
CC1=C2[C@H](C(=O)[C@@]3([C@H](C[C@@H]4[C@]([C@H]3[C@@H]([C@@](C2(C)C)(C[C@@H]1OC(=O)[C@@H]([C@H](C5=CC=CC=C5)NC(=O)C6=CC=CC=C6)O)O)OC(=O)C7=CC=CC=C7)(CO4)OC(=O)C)O)C)OC(=O)C,CCO,CC1=C(C(=C(C2=C1OC(CC2)(C)CCCC(C)CCCC(C)CCCC(C)C)C)OC(=O)CCC(=O)OCCO)C,CC1=C(C2=C(CC[C@@](O2)(C)CCC[C@H](C)CCC[C@H](C)CCCC(C)C)C(=C1O)C)C,0.030,0.300,0.279,0.050,6.15946589346331,,3.54,0.00557,221.29,0,0,14.5,1.1
CC1=C2[C@H](C(=O)[C@@]3([C@H](C[C@@H]4[C@]([C@H]3[C@@H]([C@@](C2(C)C)(C[C@@H]1OC(=O)[C@@H]([C@H](C5=CC=CC=C5)NC(=O)C6=CC=CC=C6)O)O)OC(=O)C7=CC=CC=C7)(CO4)OC(=O)C)O)C)OC(=O)C,CCO,CC1=C(C(=C(C2=C1OC(CC2)(C)CCCC(C)CCCC(C)CCCC(C)C)C)OC(=O)CCC(=O)OCCO)C,CC1=C(C2=C(CC[C@@](O2)(C)CCC[C@H](C)CCC[C@H](C)CCCC(C)C)C(=C1O)C)C,0.030,0.300,0.243,0.050,-0.677275909478613,,3.54,0.00557,221.29,0,0,13.5,1.1
CC1=C2[C@H](C(=O)[C@@]3([C@H](C[C@@H]4[C@]([C@H]3[C@@H]([C@@](C2(C)C)(C[C@@H]1OC(=O)[C@@H]([C@H](C5=CC=CC=C5)NC(=O)C6=CC=CC=C6)O)O)OC(=O)C7=CC=CC=C7)(CO4)OC(=O)C)O)C)OC(=O)C,CCO,CC1=C(C(=C(C2=C1OC(CC2)(C)CCCC(C)CCCC(C)CCCC(C)C)C)OC(=O)CCC(=O)OCCO)C,CC1=C(C2=C(CC[C@@](O2)(C)CCC[C@H](C)CCC[C@H](C)CCCC(C)C)C(=C1O)C)C,0.030,0.300,0.243,0.050,-0.677275909478613,,3.54,0.00557,221.29,0,0,14.4,1.1
CC1=C2[C@H](C(=O)[C@@]3([C@H](C[C@@H]4[C@]([C@H]3[C@@H]([C@@](C2(C)C)(C[C@@H]1OC(=O)[C@@H]([C@H](C5=CC=CC=C5)NC(=O)C6=CC=CC=C6)O)O)OC(=O)C7=CC=CC=C7)(CO4)OC(=O)C)O)C)OC(=O)C,CCO,CC1=C(C(=C(C2=C1OC(CC2)(C)CCCC(C)CCCC(C)CCCC(C)C)C)OC(=O)CCC(=O)OCCO)C,CC1=C(C2=C(CC[C@@](O2)(C)CCC[C@H](C)CCC[C@H](C)CCCC(C)C)C(=C1O)C)C,0.030,0.300,0.276,0.050,-0.677275909478613,,3.54,0.00557,221.29,0,0,13.3,1.1
CC1=C2[C@H](C(=O)[C@@]3([C@H](C[C@@H]4[C@]([C@H]3[C@@H]([C@@](C2(C)C)(C[C@@H]1OC(=O)[C@@H]([C@H](C5=CC=CC=C5)NC(=O)C6=CC=CC=C6)O)O)OC(=O)C7=CC=CC=C7)(CO4)OC(=O)C)O)C)OC(=O)C,CCO,CCCCCCC(C/C=C\CCCCCCCC(OCC(COC(CCCCCCC/C=C\CC(CCCCCC)O)=O)OC(CCCCCCC/C=C\CC(CCCCCC)O)=O)=O)O,CCCCCCCCC=CCCCCCCCC(=O)OCC(COC(=O)CCCCCCCC=CCCCCCCCC)O,0.057,0.152,0.400,0.190,-0.539159913459584,,3.54,0.00557,221.29,1,0,13,45.6
CC1=C2[C@H](C(=O)[C@@]3([C@H](C[C@@H]4[C@]([C@H]3[C@@H]([C@@](C2(C)C)(C[C@@H]1OC(=O)[C@@H]([C@H](C5=CC=CC=C5)NC(=O)OC(C)(C)C)O)O)OC(=O)C6=CC=CC=C6)(CO4)OC(=O)C)O)C)O,CCOCCOCCO,CCCCCCC(C/C=C\CCCCCCCC(OCC(COC(CCCCCCC/C=C\CC(CCCCCC)O)=O)OC(CCCCCCC/C=C\CC(CCCCCC)O)=O)=O)O,CCCCCCCC(=O)OCC(C)O,0.020,0.147,0.412,0.421,-0.510638960281655,0.074,2.92,0.0127,224.45,0,1,13,4.8
CC1=C2[C@H](C(=O)[C@@]3([C@H](C[C@@H]4[C@]([C@H]3[C@@H]([C@@](C2(C)C)(C[C@@H]1OC(=O)[C@@H]([C@H](C5=CC=CC=C5)NC(=O)C6=CC=CC=C6)O)O)OC(=O)C7=CC=CC=C7)(CO4)OC(=O)C)O)C)OC(=O)C,CCOCCOCCO,CCCCCCCC/C=C/CCCCCCCC(OCCOCC(OCCO)C1C(OCCO)CC(OCCO)O1)=O,CCCCC/C=C\C/C=C\CCCCCCCC(=O)OCC(CO)O,0.010,0.178,0.673,0.139,0.0505953895416689,0.32,3.54,0.00557,221.29,1,0,15,4.8
CC1=C2[C@H](C(=O)[C@@]3([C@H](C[C@@H]4[C@]([C@H]3[C@@H]([C@@](C2(C)C)(C[C@@H]1OC(=O)[C@@H]([C@H](C5=CC=CC=C5)NC(=O)C6=CC=CC=C6)O)O)OC(=O)C7=CC=CC=C7)(CO4)OC(=O)C)O)C)OC(=O)C,OCCOCCO,CCCCCCC(C/C=C\CCCCCCCC(OCC(COC(CCCCCCC/C=C\CC(CCCCCC)O)=O)OC(CCCCCCC/C=C\CC(CCCCCC)O)=O)=O)O,CCCCCCCCCC(=O)OCC(CO)O.CCCCCCCC(=O)OCC(CO)O,0.015,0.099,0.591,0.099,-0.633769370732619,0.169,3.54,0.00557,221.29,0,1,13.5,90
CC1=C2[C@H](C(=O)[C@@]3([C@H](C[C@@H]4[C@]([C@H]3[C@@H]([C@@](C2(C)C)(C[C@@H]1OC(=O)[C@@H]([C@H](C5=CC=CC=C5)NC(=O)C6=CC=CC=C6)O)O)OC(=O)C7=CC=CC=C7)(CO4)OC(=O)C)O)C)OC(=O)C,OCCOCCO,CCCCCCC(C/C=C\CCCCCCCC(OCC(COC(CCCCCCC/C=C\CC(CCCCCC)O)=O)OC(CCCCCCC/C=C\CC(CCCCCC)O)=O)=O)O,CCCCCCCCCC(=O)OCC(CO)O.CCCCCCCC(=O)OCC(CO)O,0.015,0.099,0.542,0.148,-0.608217911469098,0.229,3.54,0.00557,221.29,0,1,13.5,90
CC1=C2[C@H](C(=O)[C@@]3([C@H](C[C@@H]4[C@]([C@H]3[C@@H]([C@@](C2(C)C)(C[C@@H]1OC(=O)[C@@H]([C@H](C5=CC=CC=C5)NC(=O)C6=CC=CC=C6)O)O)OC(=O)C7=CC=CC=C7)(CO4)OC(=O)C)O)C)OC(=O)C,OCCOCCO,CCCCCCC(C/C=C\CCCCCCCC(OCC(COC(CCCCCCC/C=C\CC(CCCCCC)O)=O)OC(CCCCCCC/C=C\CC(CCCCCC)O)=O)=O)O,CCCCCCCCCC(=O)OCC(CO)O.CCCCCCCC(=O)OCC(CO)O,0.015,0.099,0.246,0.148,-0.612361391349669,0.35,3.54,0.00557,221.29,0,1,14.3,90
CC1=C2[C@H](C(=O)[C@@]3([C@H](C[C@@H]4[C@]([C@H]3[C@@H]([C@@](C2(C)C)(C[C@@H]1OC(=O)[C@@H]([C@H](C5=CC=CC=C5)NC(=O)C6=CC=CC=C6)O)O)OC(=O)C7=CC=CC=C7)(CO4)OC(=O)C)O)C)OC(=O)C,OCCOCCO,CCCCCCC(C/C=C\CCCCCCCC(OCC(COC(CCCCCCC/C=C\CC(CCCCCC)O)=O)OC(CCCCCCC/C=C\CC(CCCCCC)O)=O)=O)O,CCCCCCCCCC(=O)OCC(CO)O.CCCCCCCC(=O)OCC(CO)O,0.015,0.099,0.493,0.197,-0.597168631787576,0.086,3.54,0.00557,221.29,0,1,13.6,90
CC1=C2[C@H](C(=O)[C@@]3([C@H](C[C@@H]4[C@]([C@H]3[C@@H]([C@@](C2(C)C)(C[C@@H]1OC(=O)[C@@H]([C@H](C5=CC=CC=C5)NC(=O)C6=CC=CC=C6)O)O)OC(=O)C7=CC=CC=C7)(CO4)OC(=O)C)O)C)OC(=O)C,OCCOCCO,CCCCCCC(C/C=C\CCCCCCCC(OCC(COC(CCCCCCC/C=C\CC(CCCCCC)O)=O)OC(CCCCCCC/C=C\CC(CCCCCC)O)=O)=O)O,CCCCCCCCCC(=O)OCC(CO)O.CCCCCCCC(=O)OCC(CO)O,0.015,0.099,0.197,0.197,-0.584047612165768,0.446,3.54,0.00557,221.29,0,1,14.4,90
CC1=C2[C@H](C(=O)[C@@]3([C@H](C[C@@H]4[C@]([C@H]3[C@@H]([C@@](C2(C)C)(C[C@@H]1OC(=O)[C@@H]([C@H](C5=CC=CC=C5)NC(=O)C6=CC=CC=C6)O)O)OC(=O)C7=CC=CC=C7)(CO4)OC(=O)C)O)C)OC(=O)C,CCO,CC1=C(C(=C(C2=C1OC(CC2)(C)CCCC(C)CCCC(C)CCCC(C)C)C)OC(=O)CCC(=O)OCCO)C,CCCCCCCCCCCC(=O)OCC(C)O,0.005,0.010,0.177,0.093,-0.540817305411812,0.177,3.54,0.00557,221.29,0,1,13.8,1.1
CC1=C2[C@H](C(=O)[C@@]3([C@H](C[C@@H]4[C@]([C@H]3[C@@H]([C@@](C2(C)C)(C[C@@H]1OC(=O)[C@@H]([C@H](C5=CC=CC=C5)NC(=O)C6=CC=CC=C6)O)O)OC(=O)C7=CC=CC=C7)(CO4)OC(=O)C)O)C)OC(=O)C,OCCOCCO,CCCCCCCC/C=C/CCCCCCCC(OCCOCC(OCCO)C1C(OCCO)CC(OCCO)O1)=O,CCCCCCCC/C=C\CCCCCCCC(=O)OCC,0.010,0.099,0.713,0.099,-0.677275909478613,,3.54,0.00557,221.29,1,0,15,52.5
CC1=C2[C@H](C(=O)[C@@]3([C@H](C[C@@H]4[C@]([C@H]3[C@@H]([C@@](C2(C)C)(C[C@@H]1OC(=O)[C@@H]([C@H](C5=CC=CC=C5)NC(=O)C6=CC=CC=C6)O)O)OC(=O)C7=CC=CC=C7)(CO4)OC(=O)C)O)C)OC(=O)C,,CCCCCCCC/C=C/CCCCCCCC(OCCOCC(OCCO)C1C(OCCO)CC(OCCO)O1)=O,CCCCCCCCCC(=O)OCC(CO)O.CCCCCCCC(=O)OCC(CO)O,0.043,0.000,0.478,0.478,0.22254980458536,,3.54,0.00557,221.29,0,1,15,0
CC1=C2[C@H](C(=O)[C@@]3([C@H](C[C@@H]4[C@]([C@H]3[C@@H]([C@@](C2(C)C)(C[C@@H]1OC(=O)[C@@H]([C@H](C5=CC=CC=C5)NC(=O)C6=CC=CC=C6)O)O)OC(=O)C7=CC=CC=C7)(CO4)OC(=O)C)O)C)OC(=O)C,C(C(CO)O)O,CCCCCCCC/C=C/CCCCCCCC(OCCOCC(OCCO)C1C(OCCO)CC(OCCO)O1)=O,CCCCCCCCCC(=O)OCC(CO)O.CCCCCCCC(=O)OCC(CO)O,0.025,0.244,0.487,0.244,-0.48287764508183,,3.54,0.00557,221.29,0,1,15,56
CC(=O)OC1=CC=CC2=C1C(=O)C3=C(C2=O)C=C(C=C3OC(=O)C)C(=O)O,CCOCCOCCO,CCCCCCC(C/C=C\CCCCCCCC(OCC(COC(CCCCCCC/C=C\CC(CCCCCC)O)=O)OC(CCCCCCC/C=C\CC(CCCCCC)O)=O)=O)O,CCCCC/C=C\C/C=C\CCCCCCCC(=O)OCC(CO)O,0.001,0.200,0.700,0.100,-0.599930951707957,0.09,1.79,0.0407,124.04,1,0,13,4.8
CC(=O)OC1=CC=CC2=C1C(=O)C3=C(C2=O)C=C(C=C3OC(=O)C)C(=O)O,CCOCCOCCO,CCCCCCC(C/C=C\CCCCCCCC(OCC(COC(CCCCCCC/C=C\CC(CCCCCC)O)=O)OC(CCCCCCC/C=C\CC(CCCCCC)O)=O)=O)O,CCCCC/C=C\C/C=C\CCCCCCCC(=O)OCC(CO)O,0.001,0.300,0.600,0.100,-0.564020792743009,0.12,1.79,0.0407,124.04,1,0,13,4.8
CC(=O)OC1=CC=CC2=C1C(=O)C3=C(C2=O)C=C(C=C3OC(=O)C)C(=O)O,CCOCCOCCO,CCCCCCC(C/C=C\CCCCCCCC(OCC(COC(CCCCCCC/C=C\CC(CCCCCC)O)=O)OC(CCCCCCC/C=C\CC(CCCCCC)O)=O)=O)O,CCCCC/C=C\C/C=C\CCCCCCCC(=O)OCC(CO)O,0.001,0.400,0.500,0.100,-0.596478051807481,0.09,1.79,0.0407,124.04,1,0,13,4.8
CC(=O)OC1=CC=CC2=C1C(=O)C3=C(C2=O)C=C(C=C3OC(=O)C)C(=O)O,CCOCCOCCO,CCCCCCC(C/C=C\CCCCCCCC(OCC(COC(CCCCCCC/C=C\CC(CCCCCC)O)=O)OC(CCCCCCC/C=C\CC(CCCCCC)O)=O)=O)O,CCCCC/C=C\C/C=C\CCCCCCCC(=O)OCC(CO)O,0.001,0.500,0.400,0.100,-0.582666452205578,0.07,1.79,0.0407,124.04,1,0,13,4.8
CC(=O)OC1=CC=CC2=C1C(=O)C3=C(C2=O)C=C(C=C3OC(=O)C)C(=O)O,CCOCCOCCO,CCCCCCC(C/C=C\CCCCCCCC(OCC(COC(CCCCCCC/C=C\CC(CCCCCC)O)=O)OC(CCCCCCC/C=C\CC(CCCCCC)O)=O)=O)O,CCCCC/C=C\C/C=C\CCCCCCCC(=O)OCC(CO)O,0.001,0.599,0.300,0.100,-0.575760652404627,0.13,1.79,0.0407,124.04,1,0,13,4.8
CC(=O)OC1=CC=CC2=C1C(=O)C3=C(C2=O)C=C(C=C3OC(=O)C)C(=O)O,CCOCCOCCO,CCCCCCCC/C=C/CCCCCCCC(OCCOCC(OCCO)C1C(OCCO)CC(OCCO)O1)=O,CCCCC/C=C\C/C=C\CCCCCCCC(=O)OCC(CO)O,0.005,0.100,0.796,0.100,-0.528110633778062,0.15,1.79,0.0407,124.04,1,0,15,4.8
CC(=O)OC1=CC=CC2=C1C(=O)C3=C(C2=O)C=C(C=C3OC(=O)C)C(=O)O,CCOCCOCCO,CCCCCCCC/C=C/CCCCCCCC(OCCOCC(OCCO)C1C(OCCO)CC(OCCO)O1)=O,CCCCC/C=C\C/C=C\CCCCCCCC(=O)OCC(CO)O,0.005,0.199,0.696,0.100,-0.595096891847291,0.09,1.79,0.0407,124.04,1,0,15,4.8
CC(=O)OC1=CC=CC2=C1C(=O)C3=C(C2=O)C=C(C=C3OC(=O)C)C(=O)O,CCOCCOCCO,CCCCCCCC/C=C/CCCCCCCC(OCCOCC(OCCO)C1C(OCCO)CC(OCCO)O1)=O,CCCCC/C=C\C/C=C\CCCCCCCC(=O)OCC(CO)O,0.004,0.299,0.598,0.100,-0.572998332484246,0.24,1.79,0.0407,124.04,1,0,15,4.8
CC(=O)OC1=CC=CC2=C1C(=O)C3=C(C2=O)C=C(C=C3OC(=O)C)C(=O)O,CCOCCOCCO,CCCCCCCC/C=C/CCCCCCCC(OCCOCC(OCCO)C1C(OCCO)CC(OCCO)O1)=O,CCCCC/C=C\C/C=C\CCCCCCCC(=O)OCC(CO)O,0.003,0.399,0.499,0.100,-0.554352673021677,0.27,1.79,0.0407,124.04,1,0,15,4.8
CC(=O)OC1=CC=CC2=C1C(=O)C3=C(C2=O)C=C(C=C3OC(=O)C)C(=O)O,OCCOCCO,CCCCCCCC/C=C/CCCCCCCC(OCCOCC(OCCO)C1C(OCCO)CC(OCCO)O1)=O,CCCCCCCCCCCCCC(=O)OC(C)C,0.005,0.100,0.796,0.100,-0.587845802056292,0.21,1.79,0.0407,124.04,0,0,15,0
CC(=O)OC1=CC=CC2=C1C(=O)C3=C(C2=O)C=C(C=C3OC(=O)C)C(=O)O,OCCOCCO,CCCCCCCC/C=C/CCCCCCCC(OCCOCC(OCCO)C1C(OCCO)CC(OCCO)O1)=O,CCCCCCCCCCCCCC(=O)OC(C)C,0.003,0.199,0.698,0.100,-0.43591820643536,0.32,1.79,0.0407,124.04,0,0,15,0
CC(=O)OC1=CC=CC2=C1C(=O)C3=C(C2=O)C=C(C=C3OC(=O)C)C(=O)O,OCCOCCO,CCCCCCCC/C=C/CCCCCCCC(OCCOCC(OCCO)C1C(OCCO)CC(OCCO)O1)=O,CCCCCCCC(=O)OCC(C)O,0.005,0.100,0.796,0.100,-0.319486421791319,0.244,1.79,0.0407,124.04,0,1,15,0
CC(=O)OC1=CC=CC2=C1C(=O)C3=C(C2=O)C=C(C=C3OC(=O)C)C(=O)O,OCCOCCO,CCCCCCCC/C=C/CCCCCCCC(OCCOCC(OCCO)C1C(OCCO)CC(OCCO)O1)=O,CCCCCCCC(=O)OCC(C)O,0.002,0.200,0.698,0.100,-0.148498818719761,0.272,1.79,0.0407,124.04,0,1,15,0
CC(=O)OC1=CC=CC2=C1C(=O)C3=C(C2=O)C=C(C=C3OC(=O)C)C(=O)O,OCCOCCO,CCCCCCCC/C=C/CCCCCCCC(OCCOCC(OCCO)C1C(OCCO)CC(OCCO)O1)=O,CCCCCCCC(=O)OCC(C)O,0.004,0.299,0.598,0.100,0.516046296125796,0.411,1.79,0.0407,124.04,0,1,15,0
CC(=O)OC1=CC=CC2=C1C(=O)C3=C(C2=O)C=C(C=C3OC(=O)C)C(=O)O,OCCOCCO,CCCCCCCC/C=C/CCCCCCCC(OCCOCC(OCCO)C1C(OCCO)CC(OCCO)O1)=O,CCCCCCCC(=O)OCC(C)O,0.003,0.100,0.797,0.100,-0.187240355603099,0.298,1.79,0.0407,124.04,0,1,15,90
CC(=O)OC1=CC=CC2=C1C(=O)C3=C(C2=O)C=C(C=C3OC(=O)C)C(=O)O,OCCOCCO,CCCCCCCC/C=C/CCCCCCCC(OCCOCC(OCCO)C1C(OCCO)CC(OCCO)O1)=O,CCCCCCCC(=O)OCC(C)O,0.002,0.200,0.699,0.100,-0.461745897690918,0.203,1.79,0.0407,124.04,0,1,15,90
CC(=O)OC1=CC=CC2=C1C(=O)C3=C(C2=O)C=C(C=C3OC(=O)C)C(=O)O,OCCOCCO,CCCCCCCC/C=C/CCCCCCCC(OCCOCC(OCCO)C1C(OCCO)CC(OCCO)O1)=O,CCCCCCCC(=O)OCC(C)O,0.005,0.299,0.597,0.100,0.432486118534284,0.48,1.79,0.0407,124.04,0,1,15,90
CC(=O)OC1=CC=CC2=C1C(=O)C3=C(C2=O)C=C(C=C3OC(=O)C)C(=O)O,OCCOCCO,CCCCCCCC/C=C/CCCCCCCC(OCCOCC(OCCO)C1C(OCCO)CC(OCCO)O1)=O,CCCCCCCCCC(=O)OCC(CO)O.CCCCCCCC(=O)OCC(CO)O,0.006,0.099,0.795,0.099,-0.614709363281993,0.346,1.79,0.0407,124.04,0,1,15,0
CC(=O)OC1=CC=CC2=C1C(=O)C3=C(C2=O)C=C(C=C3OC(=O)C)C(=O)O,OCCOCCO,CCCCCCCC/C=C/CCCCCCCC(OCCOCC(OCCO)C1C(OCCO)CC(OCCO)O1)=O,CCCCCCCCCC(=O)OCC(CO)O.CCCCCCCC(=O)OCC(CO)O,0.006,0.199,0.696,0.099,-0.605041243560661,0.417,1.79,0.0407,124.04,0,1,15,0
CC(=O)OC1=CC=CC2=C1C(=O)C3=C(C2=O)C=C(C=C3OC(=O)C)C(=O)O,OCCOCCO,CCCCCCCC/C=C/CCCCCCCC(OCCOCC(OCCO)C1C(OCCO)CC(OCCO)O1)=O,CCCCCCCCCC(=O)OCC(CO)O.CCCCCCCC(=O)OCC(CO)O,0.005,0.299,0.597,0.100,-0.579904132285198,0.393,1.79,0.0407,124.04,0,1,15,0
CC(=O)OC1=CC=CC2=C1C(=O)C3=C(C2=O)C=C(C=C3OC(=O)C)C(=O)O,OCCOCCO,CCCCCCCC/C=C/CCCCCCCC(OCCOCC(OCCO)C1C(OCCO)CC(OCCO)O1)=O,CCCCCCCCCC(=O)OCC(CO)O.CCCCCCCC(=O)OCC(CO)O,0.005,0.398,0.498,0.100,-0.619543423142659,0.26,1.79,0.0407,124.04,0,1,15,0
CC(=O)OC1=CC=CC2=C1C(=O)C3=C(C2=O)C=C(C=C3OC(=O)C)C(=O)O,OCCOCCO,CCCCCCCC/C=C/CCCCCCCC(OCCOCC(OCCO)C1C(OCCO)CC(OCCO)O1)=O,CCCCCCCCCC(=O)OCC(CO)O.CCCCCCCC(=O)OCC(CO)O,0.004,0.498,0.399,0.100,-0.607527331489003,0.163,1.79,0.0407,124.04,0,1,15,0
CC(=O)OC1=CC=CC2=C1C(=O)C3=C(C2=O)C=C(C=C3OC(=O)C)C(=O)O,OCCOCCO,CCCCCCCC/C=C/CCCCCCCC(OCCOCC(OCCO)C1C(OCCO)CC(OCCO)O1)=O,CCCCCCCCCC(=O)OCC(CO)O.CCCCCCCC(=O)OCC(CO)O,0.004,0.598,0.299,0.100,-0.493374460779276,0.419,1.79,0.0407,124.04,0,1,15,0
CC(=O)OC1=CC=CC2=C1C(=O)C3=C(C2=O)C=C(C=C3OC(=O)C)C(=O)O,OCCOCCO,CCCCCCCC/C=C/CCCCCCCC(OCCOCC(OCCO)C1C(OCCO)CC(OCCO)O1)=O,CCCCCCCCCC(=O)OCC(CO)O.CCCCCCCC(=O)OCC(CO)O,0.006,0.298,0.597,0.099,-0.64502582440817,0.2195,1.79,0.0407,124.04,0,1,15,90
CC(=O)OC1=CC=CC2=C1C(=O)C3=C(C2=O)C=C(C=C3OC(=O)C)C(=O)O,OCCOCCO,CCCCCCCC/C=C/CCCCCCCC(OCCOCC(OCCO)C1C(OCCO)CC(OCCO)O1)=O,CCCCCCCCCC(=O)OCC(CO)O.CCCCCCCC(=O)OCC(CO)O,0.004,0.399,0.498,0.100,-0.614225957295926,0.287,1.79,0.0407,124.04,0,1,15,90
CC(=O)OC1=CC=CC2=C1C(=O)C3=C(C2=O)C=C(C=C3OC(=O)C)C(=O)O,OCCOCCO,CCCCCCCC/C=C/CCCCCCCC(OCCOCC(OCCO)C1C(OCCO)CC(OCCO)O1)=O,CCCCCCCCCC(=O)OCC(CO)O.CCCCCCCC(=O)OCC(CO)O,0.005,0.498,0.398,0.100,0.398164293523555,0.21,1.79,0.0407,124.04,0,1,15,90
CCC(C)(C)C(=O)O[C@H]1C[C@H](C=C2[C@H]1[C@H]([C@H](C=C2)C)CC[C@@H]3C[C@H](CC(=O)O3)O)C,CCOCCOCCO,CCCCCCC(C/C=C\CCCCCCCC(OCC(COC(CCCCCCC/C=C\CC(CCCCCC)O)=O)OC(CCCCCCC/C=C\CC(CCCCCC)O)=O)=O)O,CCCCCCCC(=O)OCC(C)O,0.070,0.279,0.279,0.372,-0.51844251405673,,4.46,0.0122,117.68,0,1,13,4.8
CCC(C)(C)C(=O)O[C@H]1C[C@H](C=C2[C@H]1[C@H]([C@H](C=C2)C)CC[C@@H]3C[C@H](CC(=O)O3)O)C,OCCOCCO,CCCCCCC(C/C=C\CCCCCCCC(OCC(COC(CCCCCCC/C=C\CC(CCCCCC)O)=O)OC(CCCCCCC/C=C\CC(CCCCCC)O)=O)=O)O,CCCCCCCC(=O)OCC(C)O,0.070,0.279,0.279,0.372,0.469086857479326,,4.46,0.0122,117.68,0,1,13,90
CCC(C)(C)C(=O)O[C@H]1C[C@H](C=C2[C@H]1[C@H]([C@H](C=C2)C)CC[C@@H]3C[C@H](CC(=O)O3)O)C,C(C(CO)O)O,CCCCCCC(C/C=C\CCCCCCCC(OCC(COC(CCCCCCC/C=C\CC(CCCCCC)O)=O)OC(CCCCCCC/C=C\CC(CCCCCC)O)=O)=O)O,CCCCCCCC(=O)OCC(C)O,0.070,0.279,0.279,0.372,0.234289664246977,,4.46,0.0122,117.68,0,1,13,56
CCC(C)(C)C(=O)O[C@H]1C[C@H](C=C2[C@H]1[C@H]([C@H](C=C2)C)CC[C@@H]3C[C@H](CC(=O)O3)O)C,CCOCCOCCO,CCCCCCC(C/C=C\CCCCCCCC(OCC(COC(CCCCCCC/C=C\CC(CCCCCC)O)=O)OC(CCCCCCC/C=C\CC(CCCCCC)O)=O)=O)O,CCCCCCCC(=O)OCC(C)O,0.130,0.261,0.261,0.348,0.289536062654589,,4.46,0.0122,117.68,0,1,13,4.8
CCC(C)(C)C(=O)O[C@H]1C[C@H](C=C2[C@H]1[C@H]([C@H](C=C2)C)CC[C@@H]3C[C@H](CC(=O)O3)O)C,CCOCCOCCO,CCCCCCC(C/C=C\CCCCCCCC(OCC(COC(CCCCCCC/C=C\CC(CCCCCC)O)=O)OC(CCCCCCC/C=C\CC(CCCCCC)O)=O)=O)O,CCCCCCCCCCCC(=O)OCC(C)O,0.070,0.279,0.279,0.372,4.54350874004068,,4.46,0.0122,117.68,0,1,13,4.8
CCC(C)(C)C(=O)O[C@H]1C[C@H](C=C2[C@H]1[C@H]([C@H](C=C2)C)CC[C@@H]3C[C@H](CC(=O)O3)O)C,OCCOCCO,CCCCCCCC/C=C/CCCCCCCC(OCCOCC(OCCO)C1C(OCCO)CC(OCCO)O1)=O,CCCCCCCC(=O)OC(C)CO,0.010,0.099,0.782,0.109,-0.691778089060611,,4.46,0.0122,117.68,0,1,15,0
CCC(C)(C)C(=O)O[C@H]1C[C@H](C=C2[C@H]1[C@H]([C@H](C=C2)C)CC[C@@H]3C[C@H](CC(=O)O3)O)C,OCCOCCO,CCCCCCCC/C=C/CCCCCCCC(OCCOCC(OCCO)C1C(OCCO)CC(OCCO)O1)=O,CCCCCCCC(=O)OC(C)CO,0.010,0.584,0.297,0.109,0.089267868426997,,4.46,0.0122,117.68,0,1,15,0
CCC(C)(C)C(=O)O[C@H]1C[C@H](C=C2[C@H]1[C@H]([C@H](C=C2)C)CC[C@@H]3C[C@H](CC(=O)O3)O)C,OCCOCCO,CCCCCCCC/C=C/CCCCCCCC(OCCOCC(OCCO)C1C(OCCO)CC(OCCO)O1)=O,CCCCCCCC(=O)OC(C)CO,0.010,0.099,0.792,0.099,-0.696612148921277,,4.46,0.0122,117.68,0,1,15,0
CCC(C)(C)C(=O)O[C@H]1C[C@H](C=C2[C@H]1[C@H]([C@H](C=C2)C)CC[C@@H]3C[C@H](CC(=O)O3)O)C,OCCOCCO,CCCCCCCC/C=C/CCCCCCCC(OCCOCC(OCCO)C1C(OCCO)CC(OCCO)O1)=O,CCCCCCCC(=O)OC(C)CO,0.010,0.109,0.792,0.089,-0.691087509080516,,4.46,0.0122,117.68,0,1,15,0
CCC(C)(C)C(=O)O[C@H]1C[C@H](C=C2[C@H]1[C@H]([C@H](C=C2)C)CC[C@@H]3C[C@H](CC(=O)O3)O)C,OCCOCCO,CCCCCCCC/C=C/CCCCCCCC(OCCOCC(OCCO)C1C(OCCO)CC(OCCO)O1)=O,CCCCCCCC(=O)OC(C)CO,0.010,0.594,0.297,0.099,0.1030794680289,,4.46,0.0122,117.68,0,1,15,0
CCC(C)(C)C(=O)O[C@H]1C[C@H](C=C2[C@H]1[C@H]([C@H](C=C2)C)CC[C@@H]3C[C@H](CC(=O)O3)O)C,OCCOCCO,CCCCCCCC/C=C/CCCCCCCC(OCCOCC(OCCO)C1C(OCCO)CC(OCCO)O1)=O,CCCCCCCC(=O)OC(C)CO,0.010,0.594,0.307,0.089,0.027115670218434,,4.46,0.0122,117.68,0,1,15,0
CCC(C)(C)C(=O)O[C@H]1C[C@H](C=C2[C@H]1[C@H]([C@H](C=C2)C)CC[C@@H]3C[C@H](CC(=O)O3)O)C,,CCCCCCC(CCCCCCCCCC(=O)[O-])C(=O)OCC(CO)O,CCCCCCCC/C=C\CCCCCCCC(=O)O.C(C(CO)O)O,0.050,0.000,0.428,0.095,-0.652622204189216,0.181,4.46,0.0122,117.68,1,0,14.5,0
CCC(C)(C)C(=O)O[C@H]1C[C@H](C=C2[C@H]1[C@H]([C@H](C=C2)C)CC[C@@H]3C[C@H](CC(=O)O3)O)C,,CCCCCCC(CCCCCCCCCC(=O)[O-])C(=O)OCC(CO)O,CCCCCCCC/C=C\CCCCCCCC(=O)O.C(C(CO)O)O,0.050,0.000,0.570,0.095,-0.635633936678876,0.183,4.46,0.0122,117.68,1,0,14.3,0
CCC(C)(C)C(=O)O[C@H]1C[C@H](C=C2[C@H]1[C@H]([C@H](C=C2)C)CC[C@@H]3C[C@H](CC(=O)O3)O)C,,CCCCCCC(CCCCCCCCCC(=O)[O-])C(=O)OCC(CO)O,CCCCCCCC/C=C\CCCCCCCC(=O)O.C(C(CO)O)O,0.050,0.000,0.641,0.095,-0.625827700961525,0.168,4.46,0.0122,117.68,1,0,14.2,0
CCC(C)(C)C(=O)O[C@H]1C[C@H](C=C2[C@H]1[C@H]([C@H](C=C2)C)CC[C@@H]3C[C@H](CC(=O)O3)O)C,,CCCCCCC(CCCCCCCCCC(=O)[O-])C(=O)OCC(CO)O,CCCCCCCC(=O)OCC(C)O,0.050,0.000,0.641,0.095,-0.425835738725971,0.286,4.46,0.0122,117.68,0,1,14.2,0
CCC(C)(C)C(=O)O[C@H]1C[C@H](C=C2[C@H]1[C@H]([C@H](C=C2)C)CC[C@@H]3C[C@H](CC(=O)O3)O)C,CCO,CCCCCCCC/C=C/CCCCCCCC(OCCOCC(OCCO)C1C(OCCO)CC(OCCO)O1)=O,CCCCCCCC/C=C\CCCCCCCC(=O)O.C(C(CO)O)O,0.010,0.264,0.528,0.198,-0.465336913587413,0.257,4.46,0.0122,117.68,1,0,15,1.1
CCC(C)(C)C(=O)O[C@H]1C[C@H](C=C2[C@H]1[C@H]([C@H](C=C2)C)CC[C@@H]3C[C@H](CC(=O)O3)O)C,CCO,CCCCCCCC/C=C/CCCCCCCC(OCCOCC(OCCO)C1C(OCCO)CC(OCCO)O1)=O,CCCCCCCC/C=C\CCCCCCCC(=O)O.C(C(CO)O)O,0.010,0.446,0.446,0.099,-0.41312906709222,0.272,4.46,0.0122,117.68,1,0,15,1.1
CCC(C)(C)C(=O)O[C@H]1C[C@H](C=C2[C@H]1[C@H]([C@H](C=C2)C)CC[C@@H]3C[C@H](CC(=O)O3)O)C,CCO,CCCCCCCC/C=C/CCCCCCCC(OCCOCC(OCCO)C1C(OCCO)CC(OCCO)O1)=O,CCCCCCCC/C=C\CCCCCCCC(=O)O.C(C(CO)O)O,0.010,0.396,0.396,0.198,-0.21969761466757,0.298,4.46,0.0122,117.68,1,0,15,1.1
CCC(C)(C)C(=O)O[C@H]1C[C@H](C=C2[C@H]1[C@H]([C@H](C=C2)C)CC[C@@H]3C[C@H](CC(=O)O3)O)C,CCO,CCCCCCCC/C=C/CCCCCCCC(OCCOCC(OCCO)C1C(OCCO)CC(OCCO)O1)=O,CCCCCCCC/C=C\CCCCCCCC(=O)O.C(C(CO)O)O,0.010,0.347,0.347,0.297,-0.307746562129701,0.283,4.46,0.0122,117.68,1,0,15,1.1
CCC(C)(C)C(=O)O[C@H]1C[C@H](C=C2[C@H]1[C@H]([C@H](C=C2)C)CC[C@@H]3C[C@H](CC(=O)O3)O)C,CCO,CCCCCCCC/C=C/CCCCCCCC(OCCOCC(OCCO)C1C(OCCO)CC(OCCO)O1)=O,CCCCCCCC/C=C\CCCCCCCC(=O)O.C(C(CO)O)O,0.010,0.594,0.297,0.099,-0.433984582491094,0.265,4.46,0.0122,117.68,1,0,15,1.1
CCC(C)(C)C(=O)O[C@H]1C[C@H](C=C2[C@H]1[C@H]([C@H](C=C2)C)CC[C@@H]3C[C@H](CC(=O)O3)O)C,CCO,CCCCCCCC/C=C/CCCCCCCC(OCCOCC(OCCO)C1C(OCCO)CC(OCCO)O1)=O,CCCCCCCC/C=C\CCCCCCCC(=O)O.C(C(CO)O)O,0.010,0.528,0.264,0.198,-0.212239350882543,0.298,4.46,0.0122,117.68,1,0,15,1.1
CCC(C)(C)C(=O)O[C@H]1C[C@H](C=C2[C@H]1[C@H]([C@H](C=C2)C)CC[C@@H]3C[C@H](CC(=O)O3)O)C,CCO,CCCCCCCC/C=C/CCCCCCCC(OCCOCC(OCCO)C1C(OCCO)CC(OCCO)O1)=O,CCCCCCCC/C=C\CCCCCCCC(=O)O.C(C(CO)O)O,0.010,0.462,0.231,0.297,-0.185444847654851,0.305,4.46,0.0122,117.68,1,0,15,1.1
CCC(C)(C)C(=O)O[C@H]1C[C@H](C=C2[C@H]1[C@H]([C@H](C=C2)C)CC[C@@H]3C[C@H](CC(=O)O3)O)C,CCO,CCCCCCCC/C=C/CCCCCCCC(OCCOCC(OCCO)C1C(OCCO)CC(OCCO)O1)=O,CCCCCCCC/C=C\CCCCCCCC(=O)O.C(C(CO)O)O,0.010,0.297,0.594,0.099,-0.282126044868171,0.287,4.46,0.0122,117.68,1,0,15,1.1
CCC(C)(C)C(=O)O[C@H]1C[C@H](C=C2[C@H]1[C@H]([C@H](C=C2)C)CC[C@@H]3C[C@H](CC(=O)O3)O)C,CCO,CCCCCCCC/C=C/CCCCCCCC(OCCOCC(OCCO)C1C(OCCO)CC(OCCO)O1)=O,CCCCCCCC/C=C\CCCCCCCC(=O)O.C(C(CO)O)O,0.010,0.231,0.462,0.297,-0.188552457565279,0.299,4.46,0.0122,117.68,1,0,15,1.1
CCC(C)(C)C(=O)O[C@H]1C[C@H](C=C2[C@H]1[C@H]([C@H](C=C2)C)CC[C@@H]3C[C@H](CC(=O)O3)O)C,,CCCCCCC(CCCCCCCCCC(=O)[O-])C(=O)OCC(CO)O,CCCCCCCC/C=C\CCCCCCCC(=O)O.C(C(CO)O)O,0.050,0.000,0.428,0.095,-0.655867930095663,0.112,4.46,0.0122,117.68,1,0,14.5,0
CCC(C)(C)C(=O)O[C@H]1C[C@H](C=C2[C@H]1[C@H]([C@H](C=C2)C)CC[C@@H]3C[C@H](CC(=O)O3)O)C,,CCCCCCC(CCCCCCCCCC(=O)[O-])C(=O)OCC(CO)O,CCCCCCCC/C=C\CCCCCCCC(=O)O.C(C(CO)O)O,0.050,0.000,0.570,0.095,-0.653934306151397,0.09,4.46,0.0122,117.68,1,0,14.3,0
CCC(C)(C)C(=O)O[C@H]1C[C@H](C=C2[C@H]1[C@H]([C@H](C=C2)C)CC[C@@H]3C[C@H](CC(=O)O3)O)C,,CCCCCCC(CCCCCCCCCC(=O)[O-])C(=O)OCC(CO)O,CCCCCCCC/C=C\CCCCCCCC(=O)O.C(C(CO)O)O,0.050,0.000,0.641,0.095,-0.647166622346465,0.085,4.46,0.0122,117.68,1,0,14.2,0
CCC(C)(C)C(=O)O[C@H]1C[C@H](C=C2[C@H]1[C@H]([C@H](C=C2)C)CC[C@@H]3C[C@H](CC(=O)O3)O)C,,CCCCCCC(CCCCCCCCCC(=O)[O-])C(=O)OCC(CO)O,CCCCCCCC(=O)OCC(C)OC(=O)CCCCCCC,0.050,0.000,0.428,0.095,-0.626242048949582,0.146,4.46,0.0122,117.68,0,1,14.5,0
CCC(C)(C)C(=O)O[C@H]1C[C@H](C=C2[C@H]1[C@H]([C@H](C=C2)C)CC[C@@H]3C[C@H](CC(=O)O3)O)C,,CCCCCCC(CCCCCCCCCC(=O)[O-])C(=O)OCC(CO)O,CCCCCCCC(=O)OCC(C)OC(=O)CCCCCCC,0.050,0.000,0.570,0.095,-0.592541745920939,0.131,4.46,0.0122,117.68,0,1,14.3,0
CCC(C)(C)C(=O)O[C@H]1C[C@H](C=C2[C@H]1[C@H]([C@H](C=C2)C)CC[C@@H]3C[C@H](CC(=O)O3)O)C,,CCCCCCC(CCCCCCCCCC(=O)[O-])C(=O)OCC(CO)O,CCCCCCCC(=O)OCC(C)OC(=O)CCCCCCC,0.050,0.000,0.641,0.095,-0.584116670163778,0.124,4.46,0.0122,117.68,0,1,14.2,0
CCC(C)(C)C(=O)O[C@H]1C[C@H](C=C2[C@H]1[C@H]([C@H](C=C2)C)CC[C@@H]3C[C@H](CC(=O)O3)O)C,CCOCCOCCO,CCCCCCC(C/C=C\CCCCCCCC(OCC(COC(CCCCCCC/C=C\CC(CCCCCC)O)=O)OC(CCCCCCC/C=C\CC(CCCCCC)O)=O)=O)O,CCCCCCCC(=O)OCC(C)OC(=O)CCCCCCC,0.050,0.285,0.570,0.095,-0.637222270633095,0.17,4.46,0.0122,117.68,0,1,15,4.8
CCC(C)(C)C(=O)O[C@H]1C[C@H](C=C2[C@H]1[C@H]([C@H](C=C2)C)CC[C@@H]3C[C@H](CC(=O)O3)O)C,CCOCCOCCO,CCCCCCC(C/C=C\CCCCCCCC(OCC(COC(CCCCCCC/C=C\CC(CCCCCC)O)=O)OC(CCCCCCC/C=C\CC(CCCCCC)O)=O)=O)O,CCCCCCCC(=O)OCC(C)OC(=O)CCCCCCC,0.050,0.380,0.380,0.190,-0.58957225200653,0.22,4.46,0.0122,117.68,0,1,15,4.8
CCC(C)(C)C(=O)O[C@H]1C[C@H](C=C2[C@H]1[C@H]([C@H](C=C2)C)CC[C@@H]3C[C@H](CC(=O)O3)O)C,CCOCCOCCO,CCCCCCC(C/C=C\CCCCCCCC(OCC(COC(CCCCCCC/C=C\CC(CCCCCC)O)=O)OC(CCCCCCC/C=C\CC(CCCCCC)O)=O)=O)O,CCCCCCCC(=O)OCC(C)O,0.050,0.285,0.570,0.095,-0.646199810374331,0.11,4.46,0.0122,117.68,0,1,15,4.8
CCC(C)(C)C(=O)O[C@H]1C[C@H](C=C2[C@H]1[C@H]([C@H](C=C2)C)CC[C@@H]3C[C@H](CC(=O)O3)O)C,CCOCCOCCO,CCCCCCC(C/C=C\CCCCCCCC(OCC(COC(CCCCCCC/C=C\CC(CCCCCC)O)=O)OC(CCCCCCC/C=C\CC(CCCCCC)O)=O)=O)O,CCCCCCCC(=O)OCC(C)O,0.050,0.380,0.380,0.190,-0.609599071429289,0.2,4.46,0.0122,117.68,0,1,15,4.8
CCC(C)(C)C(=O)O[C@H]1C[C@H](C=C2[C@H]1[C@H]([C@H](C=C2)C)CC[C@@H]3C[C@H](CC(=O)O3)O)C,CCOCCOCCO,CCCCCCC(C/C=C\CCCCCCCC(OCC(COC(CCCCCCC/C=C\CC(CCCCCC)O)=O)OC(CCCCCCC/C=C\CC(CCCCCC)O)=O)=O)O,CCCCC/C=C\C/C=C\CCCCCCCC(=O)OCC(CO)O,0.050,0.285,0.570,0.095,-0.633078790752524,0.05,4.46,0.0122,117.68,1,0,15,4.8
C1CN(CCN1C/C=C/C2=CC=CC=C2)C(C3=CC=CC=C3)C4=CC=CC=C4,,CCCCCCCCCCCC(OCCOCC(C1OCC(OCCO)C1OCCO)OCCO)=O,CCCCCCCCCCCC(=O)OCC(C)O,0.030,0.000,0.437,0.097,-0.669679529697566,,5.88,0.75,6.48,0,1,15.5,0
C1CN(CCN1C/C=C/C2=CC=CC=C2)C(C3=CC=CC=C3)C4=CC=CC=C4,,CCCCCCCCCCCC(OCCOCC(C1OCC(OCCO)C1OCCO)OCCO)=O,CCCCCCCCCCCC(=O)OCC(C)O,0.030,0.000,0.175,0.097,-0.671060689657757,,5.88,0.75,6.48,0,1,15.2,0
C1CN(CCN1C/C=C/C2=CC=CC=C2)C(C3=CC=CC=C3)C4=CC=CC=C4,,CCCCCCCCCCCC(OCCOCC(C1OCC(OCCO)C1OCCO)OCCO)=O,CCCCCCCCCCCC(=O)OCC(C)O,0.030,0.000,0.698,0.097,-0.614433131289955,,5.88,0.75,6.48,0,1,15.8,0
C1CN(CCN1C/C=C/C2=CC=CC=C2)C(C3=CC=CC=C3)C4=CC=CC=C4,,CCCCCCCCCCCC(OCCOCC(C1OCC(OCCO)C1OCCO)OCCO)=O,CCCCCCCCCCCC(=O)OCC(C)O,0.030,0.000,0.388,0.194,1.83712579804781,,5.88,0.75,6.48,0,1,15.5,0
C1CN(CCN1C/C=C/C2=CC=CC=C2)C(C3=CC=CC=C3)C4=CC=CC=C4,,CCCCCCCCCCCC(OCCOCC(C1OCC(OCCO)C1OCCO)OCCO)=O,CCCCCCCCCCCC(=O)OCC(C)O,0.030,0.000,0.155,0.194,1.24529875510627,,5.88,0.75,6.48,0,1,15.2,0
C1CN(CCN1C/C=C/C2=CC=CC=C2)C(C3=CC=CC=C3)C4=CC=CC=C4,,CCCCCCCCCCCC(OCCOCC(C1OCC(OCCO)C1OCCO)OCCO)=O,CCCCCCCCCCCC(=O)OCC(C)O,0.030,0.000,0.621,0.194,0.719767390253863,,5.88,0.75,6.48,0,1,15.8,0
C1CN(CCN1C/C=C/C2=CC=CC=C2)C(C3=CC=CC=C3)C4=CC=CC=C4,,CCCCCCCCCCCC(OCCOCC(C1OCC(OCCO)C1OCCO)OCCO)=O,CCCCCCCCCCCC(=O)OCC(C)O,0.030,0.000,0.340,0.291,1.22527193568351,,5.88,0.75,6.48,0,1,15.5,0
C1CN(CCN1C/C=C/C2=CC=CC=C2)C(C3=CC=CC=C3)C4=CC=CC=C4,,CCCCCCCCCCCC(OCCOCC(C1OCC(OCCO)C1OCCO)OCCO)=O,CCCCCCCCCCCC(=O)OCC(C)O,0.030,0.000,0.136,0.291,1.1133979789081,,5.88,0.75,6.48,0,1,15.2,0
C1CN(CCN1C/C=C/C2=CC=CC=C2)C(C3=CC=CC=C3)C4=CC=CC=C4,,CCCCCCCCCCCC(OCCOCC(C1OCC(OCCO)C1OCCO)OCCO)=O,CCCCCCCCCCCC(=O)OCC(C)O,0.030,0.000,0.543,0.291,0.908295724819838,,5.88,0.75,6.48,0,1,15.8,0